{
  "train_loss": [
    0.7727674472265958,
    0.03797855063549134
  ],
  "val_loss": [
    2.257537236084809,
    1.130089908032804
  ],
  "train_acc": [
    79.74545454545455,
    98.94545454545455
  ],
  "val_acc": [
    0.0,
    0.0
  ]
}